CountryName,"Adolescent fertility rate (births per 1,000 women ages 15-19)",GDP per capita (current US$),GNI (current US$),"Incidence of tuberculosis (per 100,000 people)",Improved water source (% of population with access),"Mortality rate, neonatal (per 1,000 live births)","Mortality rate, under-5 (per 1,000)","Mortality rate, infant (per 1,000 live births)","Population, ages 0-14 (% of total)",Population ages 65 and above (% of total),"Tuberculosis case detection rate (%, all forms)",Urban population (% of total),Rural population (% of total population),Mobile cellular subscriptions (per 100 people),Internet users (per 100 people),"GNI per capita, PPP (current international $)","Inflation, GDP deflator (annual %)"
Afghanistan,99.6324,569.940728793286,15998801042.3649,189.0,48.0,38.7,105.0,75.1,47.58934443193271,2.27524958956208,53.0,24.689,75.311,45.778174741068106,4.0,1640.0,9.437794772596561
Albania,19.9188,4094.3588320382396,11807799816.0469,17.0,95.6,7.5,16.6,14.8,21.4251229288017,10.954817957857001,88.0,52.163000000000004,47.836999999999996,85.46824699704109,45.0,9200.0,4.48998143322825
Algeria,10.7334,4473.48644568115,160996386416.799,87.0,85.7,16.5,27.3,23.5,27.191308041459106,5.55098838363988,71.0,67.52600000000001,32.474000000000004,88.4448754843803,12.5,12630.0,16.119786936847802
Antigua and Barbuda,51.755,13017.310387548701,1104049629.62963,5.8,97.9,6.0,9.9,7.7,26.2331915674114,7.23350108330562,140.0,26.239,73.76100000000001,192.553276856236,47.0,19590.0,1.3660020686268002
Armenia,26.5732,3124.78401786195,9718566372.4156,63.0,98.4,9.5,18.0,16.1,20.514959358811396,10.5477449606816,76.0,63.58,36.42,130.43223274132998,25.0,6690.0,7.76871548180418
Australia,16.1562,51845.6548605562,1097882498018.15,6.5,100.0,2.8,4.8,4.1,19.0076570883464,13.4957383439134,88.0,88.73299999999999,11.267000000000001,100.42630744340201,76.0,37600.0,1.00790081932838
Austria,9.5894,46659.840818134406,393513509933.775,9.3,100.0,2.5,4.4,3.6,14.7286709010239,17.7483256049283,84.0,65.852,34.148,145.692819882684,75.17,42220.0,1.00083036221319
Azerbaijan,51.4608,5842.805783585761,49435841285.6609,128.0,82.8,21.7,39.0,33.9,22.7374211982493,5.92054214263838,65.0,53.401,46.599,100.059320146045,46.0,14600.0,13.756552992636399
"Bahamas, The",36.274,21920.516586758302,7674696000.0,13.0,98.1,8.0,13.9,11.4,22.5349887758778,6.95091871518443,66.0,82.54899999999999,17.451,118.82923067534401,43.0,21770.0,-0.392644699625464
Bahrain,14.1442,20386.0175551115,23340132978.7234,27.0,100.0,1.4,8.3,7.1,19.7043729619549,2.04563635369007,73.0,88.535,11.465,125.20844769490999,55.0,35790.0,7.441014837892539
Bangladesh,88.6528,760.3319352001952,124617096900.553,225.0,83.5,28.9,49.6,39.2,32.1276028707562,4.6863079011368205,45.0,30.462,69.538,44.94535881524939,3.7,2600.0,7.14464872957153
Barbados,47.2896,15901.4329353355,4333650000.0,2.5,99.1,9.1,14.7,13.6,19.9205196626199,12.464677392816,87.0,32.06,67.94,124.845218904692,65.1,14660.0,-3.66462787621444
Belarus,21.6808,5818.8548592157995,54058304319.9452,69.0,99.6,2.3,6.1,4.7,14.8459954475933,13.957521827047696,78.0,74.615,25.385,108.869705944641,31.8,15060.0,11.071485731255601
Belgium,9.564,44282.5493214554,497886887417.219,9.8,100.0,2.3,4.5,3.6,16.7814701914313,17.1765762017087,93.0,97.641,2.35899999999999,111.08418862568999,75.0,40300.0,1.93225746241912
Belize,72.317,4344.136669060879,1258614200.0,36.0,97.2,9.6,19.0,16.3,35.6902325494622,3.82047766076199,130.0,44.963,55.037,62.930702052852496,28.2,6950.0,1.13779569235355
Benin,96.1724,732.9536227266742,6916763750.38615,68.0,74.5,33.5,111.6,71.0,43.4212272437333,2.87977725709841,58.0,41.854,58.146,74.3960492115605,3.13,1710.0,0.8784012221853891
Bhutan,36.308,2201.2930777893603,1497491569.31098,206.0,96.0,22.2,42.3,34.1,30.1077687345712,4.48763339192443,88.0,34.793,65.207,54.999937233153716,13.6,6000.0,5.9855106273545715
Bolivia,76.2958,1981.1601052570104,18785524230.6378,135.0,86.9,22.6,47.0,36.8,34.6859146955938,5.9512645634384,62.0,66.426,33.574,70.6859804771301,22.4,5070.0,8.77750832182096
Bosnia and Herzegovina,12.9196,4392.4951719295,17125705850.4875,59.0,99.2,5.1,7.4,6.4,14.67663974627,13.4793017836088,58.0,39.226,60.773999999999994,80.87078570613241,42.75,8920.0,1.49631284798528
Botswana,43.0734,6244.00257387272,12237105746.585,518.0,95.9,24.2,53.5,39.8,33.1249014200879,3.42205973051488,66.0,56.235,43.765,120.010247082654,6.0,12300.0,8.920112303699039
Brazil,69.4194,11124.2457796398,2172767166894.04,46.0,96.9,10.7,16.6,14.8,25.3815205405648,6.67615883753896,82.0,84.335,15.665,100.881011548201,40.65,13880.0,8.56518254860947
Bulgaria,42.4214,6752.552177748821,48659141532.4218,38.0,99.5,7.1,13.0,11.2,13.5296046587574,18.2926916525691,87.0,72.30199999999999,27.698,138.038982701046,46.23,14690.0,1.2301818199040502
Burkina Faso,121.1052,574.458089293656,9202852644.27785,58.0,78.2,30.4,113.5,69.7,46.3152343394661,2.4637370389812903,53.0,25.665,74.335,36.7293802352647,2.4,1430.0,3.7796265928551
Burundi,31.5648,214.230990840075,2014764469.06325,144.0,74.7,31.7,98.8,63.8,43.9844153708278,2.58589974101367,56.0,10.640999999999998,89.359,18.174741596574695,1.0,690.0,12.303295978186
Cabo Verde,79.0454,3393.92749190379,1591147121.9859,147.0,88.9,13.9,27.8,23.3,31.9866878475628,5.59771115810425,50.0,61.833,38.167,76.2654301365256,30.0,5590.0,0.5049645918984139
Cambodia,48.0808,782.692789877004,10727606651.3343,436.0,64.2,20.7,43.1,36.7,33.3268029306888,3.7326054928066097,65.0,19.81,80.19,56.740711110968796,1.26,2350.0,3.1205928696397205
Cameroon,121.7918,1147.24234678519,23358489263.7857,260.0,72.1,28.1,104.8,66.2,43.4122237716837,3.24575708235954,45.0,51.516000000000005,48.483999999999995,41.8760103049101,4.3,2490.0,2.61860915783537
Canada,12.3764,47463.631192364905,1582706270627.06,5.1,99.8,3.7,5.6,4.9,16.472298256238698,14.1528732213835,78.0,80.937,19.063,75.6760779974588,80.3,39280.0,2.64681040990882
Central African Republic,101.6496,446.800204552837,1995649833.12369,431.0,67.2,46.4,150.2,101.7,40.525915455504496,3.90292584454394,35.0,38.828,61.172,22.5114892891158,2.0,870.0,2.0091868521333103
Chad,163.9606,895.8779958515421,10302348388.384,151.0,49.7,42.5,160.1,93.6,48.655826394247704,2.567411262922,53.0,21.983,78.017,24.5316758328647,1.7,1820.0,6.391195051306701
Chile,50.666000000000004,12785.051874948502,202906680273.649,16.0,98.2,5.4,8.8,7.6,21.8587805335606,9.674789045555439,87.0,88.586,11.414000000000001,115.751383612155,45.0,17030.0,8.8299074853301
China,7.6546,4514.9405201338,6013585808605.23,78.0,91.4,8.2,15.7,13.5,17.414905326014303,8.24602035446261,87.0,49.226000000000006,50.773999999999994,63.170278018813285,34.3,9200.0,6.93755554690647
Colombia,60.0682,6250.65449979147,275801544637.529,34.0,91.0,10.0,18.5,15.9,26.391925484897598,5.863369654594389,72.0,75.036,24.964000000000002,95.7645525770184,36.5,10260.0,3.85625889520473
"Congo, Dem. Rep.",126.6196,311.247895989099,19612504707.6864,327.0,50.7,32.9,116.1,84.8,46.4685085143914,2.91953989031512,53.0,39.937,60.063,19.00647585595,0.72,560.0,17.406681253454
"Congo, Rep.",126.9464,2953.1850078767493,9024207604.83527,386.0,74.3,21.9,60.6,42.2,42.1022912005131,3.59796344290493,65.0,63.228,36.772,90.44274712619921,5.0,4120.0,20.7220292270651
Costa Rica,61.2344,7985.951035327321,35553167737.9303,13.0,97.2,6.6,10.2,8.9,24.579007685567003,7.45776986332835,85.0,71.734,28.266,66.9932126042763,36.5,12150.0,7.96091366689441
Cote d'Ivoire,136.0868,1236.08519806872,23972203265.4454,196.0,80.7,41.8,109.1,76.9,43.6520708353246,2.97949895654651,58.0,50.556999999999995,49.443000000000005,82.2015211585982,2.7,2570.0,5.386423289956781
Croatia,12.6922,13509.1858157682,58004170305.2796,19.0,99.2,3.5,5.4,4.6,15.4819787208164,17.5399317722421,83.0,57.537,42.463,113.608144900896,56.55,18440.0,0.8315497290899
Cuba,48.6742,5688.66673216525,62895900000.0,9.3,93.5,2.7,6.1,4.9,17.6377656683026,12.502293703125,79.0,76.597,23.403000000000002,8.8905834617411,15.9,17660.0,1.20664153344083
Cyprus,5.9046,30438.900194806094,24302208762.5379,5.2,100.0,1.9,3.6,3.0,17.7687474234043,11.567702741271301,110.0,67.551,32.449,93.69258438775559,52.99,32660.0,2.05360410051337
Czech Republic,11.0624,19763.963798473702,191444159951.409,6.9,100.0,2.4,4.1,3.4,14.254179056874301,15.383267516080599,85.0,73.255,26.745,122.55511123538601,68.82,25020.0,-1.45034444405631
Denmark,5.0092,57647.668762065,325077612417.987,6.7,100.0,2.8,4.0,3.3,17.9623737087592,16.662274032288803,89.0,86.795,13.205,115.66992298087601,88.72,42500.0,3.24766919416129
Dominican Republic,103.8548,5441.96574879171,52151355842.5156,67.0,85.9,23.5,33.8,27.9,31.432777768965696,6.073570746686469,60.0,73.752,26.248,88.7787084034947,31.4,10630.0,5.6485548868593884
Ecuador,79.5994,4657.30173745799,68514592427.9106,59.0,84.9,12.6,25.2,21.3,30.731393724088893,6.1035808438500085,55.0,62.69,37.31,98.531158306553,29.03,9030.0,7.46507996966288
"Egypt, Arab Rep.",52.272,2668.03598826159,214525524816.77695,18.0,98.3,15.5,29.0,24.3,31.9387024979244,4.915910697035192,63.0,43.019,56.981,90.5031917419125,21.6,9700.0,10.115503426260801
El Salvador,70.7974,3547.0709831532204,20880100000.0,33.0,90.1,9.8,20.0,17.1,30.534689696083607,7.3272371423376,86.0,64.286,35.714,123.835550348614,15.9,7120.0,2.2696010450895696
Equatorial Guinea,117.73899999999999,17441.0925450303,5980076427.13068,129.0,47.5,36.4,110.9,78.9,40.0192120322213,3.00352678020063,87.0,39.223,60.777,57.3554908520513,6.0,17130.0,35.6353293753919
Eritrea,67.0376,451.426692978846,2097411539.9162107,102.0,56.4,20.5,55.6,39.4,42.345379114580496,2.3152618183307,60.0,20.572,79.428,3.22713584487035,0.61,1290.0,11.5737582260237
Estonia,18.7038,14641.403144374199,18481324503.3113,28.0,99.5,2.5,4.6,3.6,15.1333732205581,17.5236789734019,78.0,68.094,31.906,127.28278757644199,74.1,20000.0,1.54702506599105
Ethiopia,73.7094,341.85895616943003,29825574928.2445,268.0,47.8,32.5,75.7,50.8,44.4417643060707,3.30191423398332,66.0,17.319000000000003,82.681,7.8695423234239295,0.75,1050.0,1.44457232090372
Fiji,43.8366,3651.9582906354,3043130949.2780104,47.0,95.1,10.3,23.9,20.3,28.997199843712202,4.83189759428434,47.0,51.828,48.172,81.1007728697277,20.0,7390.0,4.22978425637548
Finland,8.043,46205.16601118549,251172185430.464,6.3,100.0,1.7,3.0,2.5,16.5065513247498,17.1328911694465,91.0,83.55799999999999,16.442,156.305511511184,86.89,38820.0,0.350772528158473
France,9.7082,40705.7662299421,2701026490066.23,9.3,100.0,2.3,4.3,3.5,18.4556088695731,17.024859589572802,82.0,78.345,21.655,91.3873297259601,77.28,36600.0,1.0798254992091398
Gabon,116.2276,9312.04946268888,12658622460.7644,473.0,91.1,25.9,63.3,42.8,37.8921044712621,5.3694187047970905,52.0,85.697,14.302999999999999,103.45567663225401,7.23,14110.0,13.5595922524138
"Gambia, The",115.8804,562.568166674662,944381894.659314,178.0,88.9,33.2,81.4,51.7,46.3754915824081,2.5043679806639303,66.0,56.297,43.703,87.9633353960396,9.2,1610.0,4.36854826507549
Georgia,48.3428,2613.75692472768,11423844077.8769,127.0,96.8,10.0,16.6,14.9,16.9238508356917,14.3222375210935,87.0,52.869,47.131,90.6479269136874,26.9,5710.0,8.543366059169099
Germany,8.724,41788.0447853084,3484625165562.91,5.8,100.0,2.3,4.2,3.5,13.521432820539902,20.6049129644026,86.0,74.291,25.709,106.48369587659,82.0,40390.0,0.75770440762841
Ghana,70.538,1323.09914056856,31640997973.4451,183.0,83.1,31.9,74.7,50.2,39.0927912937941,3.53834777533138,33.0,50.713,49.287,71.8667112395175,7.8,2970.0,16.5956140950988
Greece,9.7886,26841.8554705027,293470940397.351,5.5,100.0,3.0,4.7,4.1,14.620502654035,19.014513877823802,72.0,76.292,23.708000000000002,110.645518509948,44.4,28310.0,0.673371802701993
Grenada,38.178000000000004,7365.66653539866,731111111.111111,3.8,96.6,6.8,13.2,11.9,27.510341335728,7.24609990733399,99.0,35.681,64.319,116.49741586021798,27.0,10390.0,0.4797211921449929
Guatemala,87.7028,2805.9513923411605,40126708265.2833,62.0,90.7,15.8,34.5,28.4,39.09562829493721,4.47035251411851,37.0,49.323,50.677,125.98315554720101,10.5,6340.0,5.14189332509937
Guinea,149.6754,430.05647385910004,4302274718.31907,186.0,72.8,34.6,111.9,71.2,43.3193708986029,3.1305420450353902,54.0,34.856,65.14399999999999,36.778115697147996,1.0,1040.0,20.199578296987802
Guinea-Bissau,108.395,518.598360839748,846574708.172161,372.0,69.8,45.5,115.9,73.4,41.502304497135,3.1298571285207,36.0,45.221000000000004,54.778999999999996,42.6922194546408,2.45,1300.0,3.0773220334039
Guyana,91.689,2998.94127424089,2272061199.45511,110.0,94.2,23.9,41.5,33.5,33.8349956594572,4.31465882271737,86.0,28.239,71.76100000000001,71.2859007334702,29.9,5700.0,6.70298985848277
Haiti,43.3346,662.279518162433,6644819100.1647215,229.0,59.3,29.9,208.8,85.5,35.883084322129505,4.45725071270229,62.0,52.016000000000005,47.983999999999995,40.4187381269957,8.37,1480.0,5.4510563222192
Honduras,74.6882,2110.8220208871,15110478377.9922,47.0,88.0,13.1,24.4,20.7,35.8540087621396,4.412880011993809,82.0,51.696000000000005,48.303999999999995,124.718758348418,11.09,4050.0,4.67604329499009
Hungary,19.363,13009.3453790731,124045407329.037,14.0,100.0,4.0,6.6,5.7,14.644131242752499,16.7209122890474,110.0,68.859,31.141,119.94271782101299,65.0,20560.0,2.25993868736838
Iceland,10.6004,41620.0674537296,11112238203.2987,4.0,100.0,1.2,2.4,1.9,20.9198785066123,12.145565680004498,170.0,93.624,6.376,107.24275410166,93.39,32390.0,5.594906534206199
India,36.099000000000004,1387.88008401297,1690504149125.85,185.0,90.3,32.7,59.9,46.3,30.8942920698212,5.11329775439643,59.0,30.93,69.07,62.39006487199821,7.5,4320.0,8.983812685247699
Indonesia,51.505,3125.21993359966,734395998152.4159,415.0,84.5,16.4,33.1,27.4,28.8851670252385,4.93416239314746,30.0,49.924,50.076,87.7901449325222,10.92,8070.0,15.264293657646196
"Iran, Islamic Rep.",29.5988,6299.918737906651,467869970238.016,20.0,95.8,11.7,19.2,16.4,23.458776748094696,4.932588045528919,71.0,70.626,29.374000000000002,72.5894228857835,15.9,17170.0,14.359292818233
Iraq,80.003,4487.36628937513,140108122649.573,45.0,85.1,20.7,36.6,30.0,41.85805268056829,3.27970352359241,69.0,69.03399999999999,30.965999999999998,75.1376606061937,2.5,12560.0,16.5867407502258
Ireland,13.7812,48260.665358323604,186744370860.927,10.0,97.4,2.5,4.2,3.5,20.7180593823189,11.1421655873281,83.0,61.84,38.16,105.235809874784,69.85,36670.0,-2.32183161766163
Israel,12.5248,30736.3638939294,227769189622.894,5.6,100.0,2.4,4.6,3.7,27.238136976495,10.434886787286,82.0,91.824,8.176,122.783667871998,67.5,28130.0,1.48267115368448
Italy,6.591,35877.8719327318,2121293245033.11,7.1,100.0,2.4,4.0,3.4,14.0211905392305,20.442225899584106,110.0,68.327,31.673000000000002,154.797008800909,53.68,34630.0,0.319927712027052
Jamaica,67.8484,4902.03473104734,12697013046.4637,5.6,93.7,13.5,18.1,15.5,27.1278864081498,8.39550380793018,85.0,53.743,46.257,116.06829875049499,27.67,7890.0,9.839669182230821
Japan,4.7704,42909.2341523544,5643190525393.63,20.0,100.0,1.1,3.2,2.4,13.289890287451101,22.9421995174011,89.0,90.522,9.47799999999999,96.8075244937818,78.21,34650.0,-2.1644214353437703
Jordan,26.802,4370.721044760129,26218055492.9577,6.3,96.9,12.5,20.8,17.8,36.6926402197514,3.72335496398233,83.0,82.473,17.527,102.56324449373301,27.2,10940.0,8.41218336104031
Kazakhstan,30.0468,9070.64997199985,128676481286.689,145.0,93.2,10.7,21.6,19.3,24.178241126765,6.80083116378625,99.0,53.732,46.268,121.86700099810801,31.6,16690.0,19.542285397404
Kenya,96.5826,991.850545143199,39852031724.0753,299.0,60.0,25.9,62.1,42.4,42.6096797056698,2.6601459872621,82.0,23.570999999999998,76.429,61.0349130809079,14.0,2480.0,2.0938033432947702
Kiribati,23.5756,1465.50457444028,211796000.73381,366.0,65.4,25.7,62.9,48.3,36.0562310030395,3.5480476969838604,76.0,43.773,56.227,10.8396509212936,9.07,2270.0,1.11941534836635
"Korea, Rep.",1.916,22151.208892132403,1095599453662.05,102.0,97.6,1.7,4.1,3.5,16.2400679192751,11.088888681107399,88.0,81.936,18.064,104.774246283547,83.7,30500.0,3.1614524013424394
Kuwait,12.6032,37725.141206371,123881275318.978,30.0,99.0,4.6,10.8,9.2,23.5747463697179,1.85587517850297,100.0,98.26299999999999,1.73699999999999,133.011485569498,61.4,77500.0,11.1657139576088
Kyrgyz Republic,36.8604,880.037775119109,4489298355.46283,145.0,86.1,16.1,30.0,26.5,29.9681749715943,4.48970613774156,71.0,35.303000000000004,64.697,98.89869621123829,16.3,2560.0,10.0339038191476
Lao PDR,69.569,1147.09538658271,6713291491.94987,221.0,67.5,33.6,79.7,59.0,36.9776332535958,3.68166089081077,29.0,33.123000000000005,66.877,62.594975728273,7.0,3650.0,10.0184571683207
Latvia,16.4796,11319.517002393999,23993483571.8071,51.0,98.9,6.3,9.4,8.2,14.154858195500696,18.3720406272318,85.0,67.692,32.308,110.31231957231701,68.42,17580.0,-0.972356389285594
Lebanon,13.149000000000001,8763.795964165509,37501050248.7562,14.0,97.7,5.9,10.1,8.7,23.7213740986029,8.39623937898475,85.0,87.18299999999999,12.817,65.96644346629829,43.68,15730.0,0.159474186695491
Lesotho,91.7458,1087.98277034468,2594045334.09824,1119.0,80.8,34.8,100.7,75.2,37.6916481065719,4.27357994137032,52.0,24.753,75.247,49.1531523638809,3.86,2590.0,2.35598485637271
Liberia,127.2386,326.604438111264,1113297000.0,293.0,71.1,27.6,89.3,65.2,43.34768405175351,3.07153378356186,57.0,47.801,52.199,39.6996455271489,2.3,590.0,5.473707483956421
Lithuania,15.9764,11988.757967608999,36208941971.3831,73.0,95.0,3.4,6.7,5.6,14.7664862216544,17.4957370466259,77.0,66.757,33.243,159.395389930509,62.12,19570.0,2.37852336903453
Luxembourg,8.0456,103267.276511115,38946887417.2185,7.2,100.0,1.2,2.4,1.9,17.6440127665691,13.9930181594797,79.0,88.54700000000001,11.453,143.142640558394,90.62,62890.0,3.1269817636386503
"Macedonia, FYR",19.7022,4561.17754644919,9276084673.89761,21.0,99.4,6.5,9.9,8.7,18.1523077243832,11.261790022803,89.0,56.992,43.008,102.435953298805,51.9,11510.0,2.04127388497699
Madagascar,127.4148,414.142787218657,8636905820.378479,241.0,46.9,22.3,60.3,42.1,43.4086771945411,2.8464009542526902,48.0,31.929000000000002,68.071,36.5839289031654,1.7,1350.0,8.794425437250169
Malawi,146.6972,365.516569542613,5290117289.52965,332.0,81.0,25.7,90.9,57.5,46.1885937164857,3.20416140368362,43.0,15.54,84.46,20.7634710018734,2.26,720.0,7.3837650827643
Malaysia,12.7924,9069.04175699503,246904473627.022,84.0,97.3,4.3,8.0,6.8,27.3609060954366,4.98485410268429,79.0,70.91199999999999,29.088,119.74429756008999,56.3,20020.0,7.265875713030598
Maldives,11.338,6330.7949828376,2012101758.7014,38.0,98.3,7.4,13.0,11.2,28.693377433661603,4.90716379763963,74.0,39.984,60.016000000000005,151.783883031312,26.53,8920.0,1.2154371275874198
Mali,178.5698,610.790602095153,8845043951.57956,63.0,66.9,42.1,136.6,82.9,47.080585148852606,2.7294797500357,56.0,35.996,64.00399999999999,53.1989399941842,2.0,1440.0,2.4384707595573
Malta,18.0078,19694.083156714198,7975694505.33161,11.0,100.0,4.6,6.7,5.6,16.3042634153918,16.0567290517978,65.0,94.665,5.33499999999999,107.261182187607,63.0,26060.0,1.35992535047144
Mauritania,84.4308,1207.82745747508,4255599515.82575,135.0,54.3,39.1,97.8,70.1,40.991507490115296,3.15233613632567,51.0,56.681999999999995,43.318000000000005,76.911248898715,4.0,3190.0,18.877565919649104
Mauritius,31.4426,7772.10005652754,9835241226.07554,22.0,99.7,9.1,15.2,13.3,21.9446116073468,7.627222543192801,45.0,40.579,59.42100000000001,96.76929189970579,28.33,15470.0,1.78236207608411
Mexico,68.0516,8851.35051405824,1037742032526.12,21.0,94.1,7.7,16.8,14.4,29.972560045123807,5.8782494413853215,83.0,77.825,22.175,77.5182632596037,31.05,14410.0,4.46173575468363
"Micronesia, Fed. Sts.",21.304000000000002,2838.4485470811305,305079100.0,206.0,89.2,21.2,40.7,32.9,36.899603354597104,3.8458197820863,77.0,22.298000000000002,77.702,26.556905586813198,20.0,3390.0,3.36820334543717
Moldova,26.2568,1631.5358317953198,6296583476.833771,165.0,87.4,12.9,17.2,14.7,16.5160682514776,10.147085934743801,61.0,44.886,55.114,71.3846870326088,32.3,4170.0,11.0770996612454
Mongolia,19.0308,2650.34688488399,6591134598.49708,214.0,62.9,14.9,30.0,25.0,26.953721019649702,3.81253509013488,77.0,67.567,32.433,92.5437694314748,10.2,6920.0,39.1781885246703
Montenegro,15.4848,6682.28115774574,4110399867.54967,20.0,98.9,4.5,6.8,6.3,19.7782143959662,12.798093743568597,87.0,63.096000000000004,36.904,188.685939510836,37.5,13340.0,2.3140295203868
Morocco,33.1186,2857.6734140278004,90750962315.2592,100.0,83.5,21.1,33.1,28.5,28.078211922677003,6.03811124788327,88.0,57.684,42.316,101.07425299503599,52.0,6200.0,0.97563228221216
Mozambique,161.6826,417.501231533203,9813293357.379221,545.0,48.5,30.6,102.8,71.9,45.8867739708193,3.27798618314684,33.0,30.955,69.045,30.141845554759804,4.17,870.0,7.64351737433893
Namibia,79.77600000000001,5143.13067579247,10849382546.5771,928.0,87.3,17.1,53.8,37.5,38.0967185635949,3.42594487799519,55.0,41.61600000000001,58.38399999999999,89.4952516490612,11.6,7900.0,3.5641408022071097
Nepal,82.5352,595.427519830012,16124973167.3285,163.0,87.0,26.7,45.4,36.3,37.172426905730795,4.971608403213129,80.0,16.822,83.178,34.252985619914696,7.93,1970.0,15.1469324454054
Netherlands,4.8164,50341.251919715985,843213245033.1129,6.6,100.0,2.8,4.4,3.7,17.3708484905004,15.553257115638699,93.0,87.061,12.939,115.43015049494,90.72,45110.0,0.8479691841823891
New Zealand,27.2258,33394.0729963486,137997550079.262,7.8,100.0,3.3,6.2,5.1,20.5091431112694,13.003169813324599,89.0,86.165,13.835,107.826313100142,80.46,29470.0,3.0644258883428104
Nicaragua,97.552,1523.48146924241,8500418211.87091,49.0,85.0,11.8,26.1,22.0,32.7888315258216,4.73450961897422,86.0,57.255,42.745,68.05401523717201,10.0,3830.0,6.130308623026791
Niger,210.368,351.00621834678594,5674417311.322761,113.0,54.0,30.8,123.6,66.1,49.9630738786361,2.51944053488862,55.0,17.559,82.441,23.082192203147105,0.83,800.0,2.55467739332144
Nigeria,119.5004,2314.96353665347,349387871297.68896,339.0,63.4,38.2,130.3,81.5,43.9232029618088,2.73345965333286,16.0,43.48,56.52,54.6609495166735,24.0,4750.0,103.822799111444
Norway,7.2306,87646.2700974708,433102312961.1861,7.5,100.0,1.9,3.2,2.6,18.803042411849198,15.0115992820651,81.0,79.102,20.898000000000003,114.475540102113,93.39,59400.0,5.9634426253797805
Oman,11.8208,19920.6495686354,50227828348.5045,13.0,91.7,5.3,11.7,10.0,26.4948040711379,2.7775145078704204,82.0,75.161,24.839000000000002,164.342285911642,35.8278,39300.0,15.6353297178761
Pakistan,41.1408,1043.3002050381199,184163841544.98105,276.0,90.5,50.0,91.8,73.5,36.1775091538411,4.4263094431875,56.0,36.598,63.402,57.2834198942732,8.0,4370.0,10.850235822336499
Panama,79.8886,7958.583689683159,30229000000.0,55.0,93.1,11.3,19.8,17.0,28.74288842498811,6.80214312585037,78.0,65.115,34.885,180.699203507871,40.1,15580.0,4.9992189429100495
Papua New Guinea,58.6406,1418.92359069215,9123670262.25132,415.0,39.1,27.1,66.1,50.3,38.954718914900106,2.7824538442182702,51.0,13.019,86.98100000000001,27.833405866354102,1.28,1990.0,9.88259185411897
Paraguay,63.2754,3225.59175373637,18618461418.1594,46.0,90.3,13.0,24.1,20.4,32.7025639960341,5.336466406661518,82.0,58.486999999999995,41.513000000000005,91.6581072154664,19.8,6640.0,6.1002637587344015
Peru,53.1626,5056.30313106415,137316730023.356,132.0,84.6,10.2,21.0,16.3,29.3617536864,6.198199310919678,80.0,76.915,23.085,99.4953290573742,34.77,8950.0,6.00853928873757
Philippines,55.8326,2145.2400070733897,265931207700.339,308.0,90.1,14.3,31.9,24.9,33.609925878102004,4.15412146630878,58.0,45.255,54.745,88.9836174315653,25.0,7360.0,4.22238886394099
Poland,15.2096,12597.4587924553,463566809272.709,22.0,97.6,3.6,5.8,5.0,14.9601596197216,13.4912116709089,84.0,60.891999999999996,39.108000000000004,122.915294566938,62.32,20190.0,2.32521937392313
Portugal,13.665,22539.9960076117,230302578807.947,28.0,99.6,2.1,3.9,3.1,14.932426451158399,18.788225080839695,87.0,60.567,39.433,115.303275078491,53.3,26020.0,0.643476629767449
Qatar,13.0986,70870.2265835221,112178571428.571,38.0,100.0,4.5,9.0,7.7,13.494378121259901,1.05833262060375,86.0,98.655,1.345,124.960322064247,69.0,112150.0,6.979329900781809
Romania,38.0012,8297.48362072379,165462522861.009,109.0,96.9,7.9,13.9,12.1,15.834980307739801,15.827994686198304,84.0,53.82899999999999,46.17100000000001,111.428889796828,39.93,16320.0,5.41708773668586
Russian Federation,27.8714,10674.997202418399,1477812912229.69,105.0,96.3,6.3,12.0,10.3,14.890818716445803,13.0871240473793,84.0,73.687,26.313000000000002,165.501098738289,43.0,19860.0,14.187038581907
Rwanda,34.1014,553.5974576106839,5656021422.97724,88.0,73.1,24.3,64.1,43.8,42.45244334163071,2.66602705021893,74.0,23.951999999999998,76.048,32.747520193357204,8.0,1290.0,2.63701987113221
Samoa,29.6202,3530.5739943531603,638091198.132571,17.0,97.6,10.2,18.7,16.0,38.275215154626395,5.05136295953855,45.0,20.078,79.922,48.3795537254944,7.0,5140.0,1.46654355575726
Sao Tome and Principe,90.3556,1142.18231129529,194807046.47230905,96.0,95.3,19.0,56.4,39.8,43.2952949438202,3.71371722846442,74.0,61.907,38.093,57.6396525798416,18.75,2710.0,10.720615527696301
Saudi Arabia,11.3454,18753.981233207902,533855466666.6671,16.0,97.0,9.3,17.0,14.7,30.4184378522858,2.77044526599903,99.0,82.084,17.916,189.168841868743,41.0,43930.0,17.1913540158982
Senegal,90.4944,998.119695502128,12799081587.0715,136.0,74.8,25.5,64.8,46.7,43.66782639312471,3.0913518632815804,63.0,42.23,57.77,64.4274411523699,8.0,2120.0,1.62077953491217
Serbia,21.1278,5411.87740391911,38568511840.5123,30.0,99.3,4.8,7.6,6.6,17.245082981143902,15.1064803070875,87.0,55.208,44.792,125.300783990167,40.9,11540.0,5.879330944261921
Seychelles,59.977,10805.0606310062,915708538.4245679,17.0,95.7,9.0,14.2,12.2,22.6662799067479,7.17009916094584,110.0,52.318999999999996,47.681000000000004,128.921805104815,41.0,18840.0,-4.2041084468292205
Sierra Leone,133.0578,446.341765694627,2606598522.53124,317.0,57.4,40.7,160.2,107.0,43.4703012620366,2.58385616653469,70.0,38.241,61.75899999999999,34.7706596828638,0.58,1330.0,17.1769187781791
Singapore,4.7298,46569.9730490708,235076347634.763,37.0,100.0,1.1,2.8,2.2,17.3422674440698,9.011193431097421,83.0,100.0,0.0,145.395650180184,71.0,70200.0,-0.0459876080012123
Slovak Republic,21.0692,16554.889115691,87170895364.2384,9.4,100.0,5.0,8.4,7.0,15.2305685184254,12.357422817084,80.0,54.685,45.315,109.04722001929899,75.71,23930.0,0.485321616355634
Slovenia,4.6708,23438.866561012597,47569460132.4503,9.6,99.5,1.8,3.3,2.7,13.9351418771437,16.6735364047396,86.0,50.04,49.96,103.29651178639999,70.0,27330.0,-0.98710951109048
Solomon Islands,57.2384,1276.34851310464,496544000.0,108.0,80.4,13.8,32.1,26.6,40.7237488525724,3.2943287144820204,59.0,20.048,79.952,21.9395304750526,5.0,1300.0,5.2259148550344
South Africa,54.1812,7389.96026361652,367345427102.114,948.0,91.1,11.7,53.8,38.2,30.9390833611221,5.0513550588925895,73.0,62.218,37.782,97.900286463095,24.0,11590.0,6.35102679052414
Spain,10.2396,30737.832270838506,1411600000000.0,17.0,100.0,3.0,4.6,3.9,14.5978673815851,17.1647015078401,89.0,78.442,21.558000000000003,111.275766998416,65.8,31900.0,0.16032859020198498
Sri Lanka,19.5818,2746.61213467159,56108645949.8782,66.0,91.1,6.4,10.9,9.4,25.427076221584002,7.32852895891119,74.0,18.320999999999998,81.679,83.62395495419071,12.0,8080.0,22.7993372190682
St. Lucia,58.347,7043.5069921638415,1209929506.19259,5.8,95.6,10.5,16.1,14.1,25.2540911063885,8.474213205409349,87.0,18.45,81.55,111.73356933882799,43.3,10030.0,7.1218707892876685
St. Vincent and the Grenadines,56.276,6231.713232314611,668947028.888889,24.0,95.1,13.1,20.8,18.6,26.5075560759633,6.7364338248746805,56.0,48.785,51.215,120.55966189761801,38.5,9540.0,4.44878036343812
Sudan,93.0264,1421.53294242954,60506632350.3903,107.0,54.9,32.2,80.2,53.3,42.0518326446284,3.1436622323454704,53.0,33.08,66.92,41.5440290020599,16.7,2930.0,19.580752767628
Suriname,49.3544,8430.905965062271,4330407226.63364,47.0,93.9,13.5,24.9,22.1,28.4706286512745,6.52891780422704,80.0,66.344,33.656,99.2772782688205,31.59,14090.0,7.208341793983692
Swaziland,87.0192,2956.69679468117,3301625416.59837,1246.0,70.4,16.6,88.4,59.1,38.8411161063003,3.3402394338338603,68.0,21.491999999999997,78.508,60.83084411992479,11.04,7010.0,-4.67736687349736
Sweden,5.6832,52076.4305245885,502692611862.6429,6.9,100.0,1.6,3.1,2.5,16.5072156637122,18.2032075940465,95.0,85.056,14.944,117.16114934327899,90.0,42950.0,0.990935405680801
Switzerland,3.897,74277.12051255669,616383746572.059,6.8,100.0,3.1,4.5,3.9,15.0545799303087,16.9073526786296,95.0,73.663,26.337,123.16091086508301,83.9,54430.0,0.288604192929171
Tajikistan,40.632,744.189892165383,5563487898.67069,128.0,69.7,22.8,52.6,44.7,35.5270773188479,3.32503439863587,72.0,26.516,73.484,77.88892201539569,11.55,2050.0,12.461666769646001
Tanzania,125.8002,708.521932325363,31077825608.8121,426.0,55.2,21.5,63.4,42.4,45.08021233982921,3.12861587532127,31.0,28.114,71.88600000000001,46.6584373449776,2.9,2050.0,9.246385044962311
Thailand,43.7942,5111.909202229172,325891174883.307,181.0,96.4,8.1,14.5,12.5,19.195368849504398,8.898789756328279,56.0,44.08,55.92,108.01776853686899,22.4,12720.0,4.0822678368980005
Togo,92.1382,496.4824942028061,2761612188.73479,76.0,59.8,29.2,90.9,59.3,42.8409143007715,2.70696343882841,58.0,37.533,62.467,41.2666860555654,3.0,1050.0,1.17724554950122
Tonga,17.5552,3557.7371836650395,381678646.37985295,17.0,99.2,7.2,17.4,15.0,37.420993390862606,5.87222334458908,63.0,23.389,76.611,52.162385444485,16.0,5010.0,3.516834479126
Trinidad and Tobago,36.1182,15840.4072608684,19957964081.2485,21.0,95.0,15.3,23.6,21.0,20.7233669278177,8.2914249357162,78.0,9.092,90.90799999999999,142.62835113452,48.5,27800.0,10.693696862960401
Tunisia,6.4852,4176.61146147134,41794676540.4499,28.0,95.8,10.1,17.4,14.9,23.332660350022802,7.47485194837126,79.0,65.934,34.066,104.53709286171801,36.8,9800.0,3.8154356914375
Turkey,34.846,10111.5177086398,723955820002.662,26.0,98.6,10.1,19.1,16.4,26.877125143354203,7.0334196390185415,85.0,70.715,29.285,85.6275801231165,39.82,16000.0,5.675739745022598
Uganda,135.9608,608.8130238572901,19844418594.7553,209.0,72.5,22.1,75.2,49.5,48.9679019091045,2.53270517547866,62.0,14.492,85.508,37.7443834538595,12.5,1500.0,12.838148599131
Ukraine,28.9362,2973.9964807156202,134410290387.62,110.0,96.7,7.1,11.8,10.1,13.886439381331199,15.9726764426974,67.0,68.686,31.314,117.10873476826,23.3,7570.0,13.7504208195855
United Arab Emirates,28.5238,34341.9112921486,285949676405.718,2.4,99.6,4.3,8.5,7.3,13.340095682153402,0.69688849916075,65.0,84.055,15.945,129.431630756342,68.0,56230.0,11.003492428378902
United Kingdom,21.1118,38292.871131358304,2434706427688.5,15.0,100.0,3.0,5.2,4.4,17.6955018859097,16.1750037677375,85.0,81.30199999999999,18.698,123.62548627396299,85.0,36320.0,3.11135318265063
United States,33.8814,48374.05645659661,15121133000000.0,4.2,99.1,4.1,7.4,6.3,19.7534528066485,13.012430416963001,86.0,80.77199999999999,19.227999999999998,91.311652018589,71.69,48880.0,1.22134939747505
Uruguay,59.2876,11938.2750545308,38782167828.2284,25.0,98.9,6.1,12.3,10.6,22.504055518973107,13.9460955294756,84.0,94.414,5.586,131.589017972219,46.4,16110.0,4.90702526097988
Uzbekistan,18.1542,1377.0821404693802,40491770926.4207,97.0,87.3,23.1,46.1,39.6,29.059017949828306,4.71630184020311,63.0,36.191,63.809,75.45030892061621,20.0,4220.0,19.5516088878525
Vanuatu,45.9602,2965.7522301167305,675721147.16923,69.0,88.4,12.1,28.5,23.9,38.2003309366523,3.94796423175722,71.0,24.589000000000002,75.411,71.91524297606,8.0,2780.0,2.61735040794815
"Venezuela, RB",81.5604,13581.3533771018,387497556136.478,26.0,92.7,10.1,16.6,14.3,29.673015816630997,5.50285567761752,86.0,88.76899999999999,11.231,95.9951118473762,37.37,15970.0,45.943268698589286
Vietnam,33.955,1333.58352635481,111512775626.225,155.0,91.3,12.8,24.8,19.8,23.675868931738,6.545221402417611,71.0,30.392,69.608,125.29305151951799,30.65,4230.0,12.0743576534368
West Bank and Gaza,63.0634,2338.71987682303,9512200000.0,5.6,69.5,13.4,23.8,20.2,42.4340711466336,2.72145458835327,14.0,74.13600000000001,25.864,64.8806343573693,37.4,4350.0,13.4435676678
"Yemen, Rep.",70.4028,1310.05383929542,29193674575.345,52.0,54.6,26.4,54.2,42.4,42.412677498939,2.525465018354549,73.0,31.732,68.268,48.697430497762014,12.35,4050.0,13.788151264417698
Zambia,110.8044,1456.12652618031,18902529569.9485,495.0,61.4,25.0,82.1,52.9,46.6196834058335,2.91307186616734,64.0,38.725,61.275,41.2120540350163,10.0,2990.0,13.950889792822899
Zimbabwe,115.0006,674.268695569663,8876507900.0,416.0,77.9,25.3,89.5,55.8,41.5351279603678,3.21188856623174,76.0,33.196,66.804,58.882105636332795,11.5,1280.0,3.71095714157892
